Plot ID,Pedigree,Genotype,Genotype (with @ removed),Note,Row,Range
1001,18g-2095-22@,UFMu-02456@,UFMu-02456,mu1032410; (-/-),3,2
1002,21-M1555-10@,UFMu-01317@,UFMu-01317,mu1013054; (-/-),4,2
1003,18-2911-2@,UFMu-06466@,UFMu-06466,mu1049513(-/-),5,2
1004,18-2909-11@,UFMu-03304@,UFMu-03304,mu1035771(-/-),6,2
1005,18g-2090-25@,UFMu-08266@,UFMu-08266,mu1066205; (-/-)@,7,2
1006,20g-2133-22@,W22 R1-r@,W22 R1-r,control,8,2
1007,20g-FL-1015-21@,UFMu-05052@,UFMu-05052,mu1042509; (-/-),9,2
1008,18-5019-2@,UFMu-10417@,UFMu-10417,mu1084018(-/-)@,10,2
1009,20g-2133-22@,W22 R1-r@,W22 R1-r,control,11,2
1010,20g-2133-22@,W22 R1-r@,W22 R1-r,control,12,2
1011,18-5019-2@,UFMu-10417@,UFMu-10417,mu1084018(-/-)@,13,2
1012,18g-2095-22@,UFMu-02456@,UFMu-02456,mu1032410; (-/-),14,2
1013,18g-2090-25@,UFMu-08266@,UFMu-08266,mu1066205; (-/-)@,15,2
1014,21-M1555-10@,UFMu-01317@,UFMu-01317,mu1013054; (-/-),16,2
1015,20g-2133-22@,W22 R1-r@,W22 R1-r,control,17,2
1016,20g-FL-1015-21@,UFMu-05052@,UFMu-05052,mu1042509; (-/-),18,2
1017,18-2911-2@,UFMu-06466@,UFMu-06466,mu1049513(-/-),19,2
1018,18-2909-11@,UFMu-03304@,UFMu-03304,mu1035771(-/-),20,2
1019,19-IL-275-31@ (pool of 12 ears),PHW17@,PHW17,PI 601362,21,2
1020,18-IL-038-31@ (pool of 15 ears),MQ305@,MQ305,PI 559917,22,2
1021,19g-1187-21@ (pool of 19 ears),NC352@,NC352,Ames 27172,23,2
1022,19-IL-265-31@ (pool of 13 ears),PB80@,PB80,PI 601441,24,2
1023,21-1205-21@ (pool of 22 ears),NC298@,NC298,Ames 27261,25,2
1024,19-IL-541-31@ (pool of 14 ears),NC222@,NC222,Ames 12729,26,2
1025,17-IL-250-21@ (pool of 7 ears),B103@,B103,PI 594046,27,2
1026,19-IL-273-31@ (pool of 12 ears),NS701@,NS701,PI 601417,28,2
1027,19-IL-233-31@ (pool of 10 ears),B164@,B164,Ames 27066,29,2
1028,19-IL-293-31@ (pool of 9 ears),B14A@,B14A,PI 550461,30,2
1029,19-IL-361-31@ (pool of 5 ears),Hy@,Hy,Ames 26808,31,2
1030,20g-1287-1290-21@ (pool of 26 ears),Tzi10@,Tzi10,PI 506248,32,2
1031,19-IL-249-31@ (pool of 10 ears),H84@,H84,PI 587128,33,2
1032,20-IL-510-31@ (pool of 7 ears),NC344@,NC344,Ames 27168,34,2
1033,18-IL-057-31@ (pool of 10 ears),POP-N-EAT@,POP-N-EAT,PI 600742,35,2
1034,19-IL-469-31@ (pool of 8 ears),MoG@,MoG,Ames 27136,36,2
1035,20g-1163-1166-21@ (pool of 9 ears),M162W@,M162W,Ames 27134,37,2
1036,21-1213-21@ (pool of 15 ears),I137TN@,I137TN,Ames 27116,38,2
1037,19-IL-307-31@ (pool of 8 ears),NC326@,NC326,Ames 27159,39,2
1038,18-IL-269-31@ (pool of 13 ears),4722@,4722,PI 587130,40,2
1039,18-IL-253-31@ (pool of 12 ears),SA24@,SA24,Ames 27188,41,2
1040,18-IL-061-31@ (pool of 18 ears),OQ403@,OQ403,PI 559920,42,2
1041,19g-1195-21@ (pool of 13 ears),E8501@,E8501,PI 601724,43,2
1042,18-IL-212-31@ (pool of 11 ears),NC342@,NC342,Ames 27167,44,2
1043,18-IL-127-31@ (pool of 13 ears),W64A@,W64A,NSL 30058,45,2
1044,20-IL-407-31@ (pool of 8 ears),N7A@,N7A,PI 607512,46,2
1045,18g-1105-1106-21@ (pool of 11 ears),CML11@,CML11,Ames 27258,47,2
1046,18-3849-25@,B73@,B73,check,48,2
1047,19-IL-356-31@ (pool of 12 ears),LH60@,LH60,PI 601404,49,2
1048,21-1235-21@ (pool of 17 ears),R177@,R177,NSL 30894,50,2
1049,18-IL-143-31@ (pool of 13 ears),A632@,A632,PI 587140,51,2
1050,20g-1131-1134-21@ (pool of 40 ears),Black Jewell 85@,Black Jewell 85,PI 601081,52,2
1051,19-IL-119-31@ (pool of 13 ears),A682@,A682,PI 587143,53,2
1052,18-IL-105-31@ (pool of 12 ears),2FACC@,2FACC,PI 601808,54,2
1053,18g-1109-1110-21@ (pool of 15 ears),CML332@,CML332,Ames 27100,55,2
1054,17g-1352-21@ (pool of 8 ears),T234@,T234,Ames 27190,56,2
1055,19-IL-377-31@ (pool of 10 ears),H49@,H49,Ames 15929,57,2
1056,21-1183-21@ (pool of 33 ears),PHZ51@,PHZ51,PI 601322,3,3
1057,18-3849-25@,B73@,B73,check,4,3
1058,18-IL-315-31@ (pool of 13 ears),NC366@,NC366,Ames 27179,5,3
1059,19-IL-401-31@ (pool of 6 ears),PHW65@,PHW65,PI 601501,6,3
1060,18-IL-249-31@ (pool of 9 ears),F118@,F118,PI 555462,7,3
1061,18-IL-242-31@ (pool of 10 ears),B46@,B46,PI 550469,8,3
1062,21-1223-21@ (pool of 20 ears),CML328@,CML328,Ames 27098,9,3
1063,21-1179-21@ (pool of 39 ears),NC234@,NC234,Ames 27158,10,3
1064,19-IL-245-31@ (pool of 8 ears),NQ508@,NQ508,PI 559918,11,3
1065,18-3849-25@,B73@,B73,check,12,3
1066,19-IL-407-31@ (pool of 14 ears),B76@,B76,PI 550483,13,3
1067,21-IL-213-216-21@ (pool of 47 ears),LH39@,LH39,PI 600944,14,3
1068,19-IL-480-31@ (pool of 5 ears),CI28A@,CI28A,Cize 28,15,3
1069,19-IL-079-31@ (pool of 10 ears),LH146Ht@,LH146Ht,PI 601402,16,3
1070,19-IL-447-31@ (pool of 12 ears),B10@,B10,NSL 65865,17,3
1071,18-IL-288-31@ (pool of 10 ears),E2558W@,E2558W,Ames 27110,18,3
1072,18-IL-248-31@ (pool of 11 ears),78371A@,78371A,PI 601438,19,3
1073,19g-1204-21@ (pool of 4 ears),CML91@,CML91,Ames 27079,20,3
1074,17-IL-358-24@ (pool of 10 ears),NC358@,NC358,Ames 27175,21,3
1075,17-IL-333-24@ (pool of 12 ears),FBLA@,FBLA,PI 546482,22,3
1076,19-IL-462-31@ (pool of 8 ears),Va85@,Va85,Ames 27193,23,3
1077,21-1161-21@ (pool of 28 ears),B37@,B37,PI 550467,24,3
1078,19-IL-409-31@ (pool of 12 ears),IDS28@,IDS28,Ames 24575,25,3
1079,18g-1077-1078-21@ (pool of 10 ears),Mo18W@,Mo18W,PI 550441,26,3
1080,20g-1155-1158-21@ (pool of 10 ears),MBNA@,MBNA,PI 601209,27,3
1081,19g-1175-21@ (pool of 24 ears),NC336@,NC336,Ames 27164,28,3
1082,18-3849-25@,B73@,B73,check,29,3
1083,18-IL-144-31@ (pool of 9 ears),CQ702RC@,CQ702RC,PI 566938,30,3
1084,18-IL-153-31@ (pool of 8 ears),PHW43@,PHW43,PI 601792,31,3
1085,18-IL-194-31@ (pool of 9 ears),PHG39@,PHG39,PI 600981,32,3
1086,19-IL-186-31@ (pool of 8 ears),FR19@,FR19,PI 600772,33,3
1087,19-IL-287-31@ (pool of 11 ears),B109@,B109,PI 597927,34,3
1088,18-3849-25@,B73@,B73,check,35,3
1089,19-IL-495-31@ (pool of 11 ears),Sg1533@,Sg1533,PI 587132,36,3
1090,18-IL-191-31@ (pool of 11 ears),HP301@,HP301,PI 587131,37,3
1091,18-IL-246-31@ (pool of 9 ears),B84@,B84,PI 608767,38,3
1092,17-IL-427-23@ (pool of 9 ears),K64@,K64,Ames 27121,39,3
1093,18-IL-220-31@ (pool of 13 ears),B97@,B97,PI 564682,40,3
1094,18-IL-201-31@ (pool of 9 ears),PHWG5@,PHWG5,PI 559954,41,3
1095,19-IL-313-31@ (pool of 12 ears),KY228@,KY228,PI 587136,42,3
1096,18-IL-164-31@ (pool of 12 ears),Mo17@,Mo17,PI 558532,43,3
1097,19-IL-254-31@ (pool of 10 ears),ICI 740@,ICI 740,PI 559382,44,3
1098,19-IL-241-31@ (pool of 7 ears),NC328@,NC328,Ames 27160,45,3
1099,19-IL-303-31@ (pool of 10 ears),DJ7@,DJ7,PI 601191,46,3
1100,17-IL-398-24@ (pool of 9 ears),B68@,B68,PI 550465,47,3
1101,18g-1093-1094-21@ (pool of 16 ears),Ki11@,Ki11,Ames 27124,48,3
1102,18-3849-26@,B73@,B73,check,49,3
1103,20g-1115-1118-21@ (pool of 24 ears),Hi27@,Hi27,PI 593009,50,3
1104,19-IL-566-31@ (pool of 11 ears),Ky21@,Ky21,PI 552676,51,3
1105,21-1141-22@ (pool of 40 ears),Mo46@,Mo46,PI 583351,52,3
1106,18-3849-26@,B73@,B73,check,53,3
1107,18-IL-042-31@ (pool of 7 ears),PHH93@,PHH93,PI 601567,54,3
1108,18-IL-170-31@ (pool of 9 ears),Va26@,Va26,PI 587149,55,3
1109,18-IL-104-31@ (pool of 13 ears),78551S@,78551S,PI 601562,56,3
1110,19-IL-343-31@ (pool of 8 ears),R229@,R229,PI 592734,57,3
1111,19-IL-035-31@ (pool of 10 ears),CR14@,CR14,PI 601683,3,4
1112,18-IL-309-31@ (pool of 9 ears),CI64@,CI64,Ames 19314,4,4
1113,19-IL-443-31@ (pool of 13 ears),R4@,R4,Ames 27187,5,4
1114,19-IL-295-31@ (pool of 13 ears),B73@,B73,PI 550473,6,4
1115,20g-1127-1130-21@ (pool of 17 ears),PHG84@,PHG84,PI 601320,7,4
1116,18-IL-217-31@ (pool of 11 ears),Pa875@,Pa875,Ames 27185,8,4
1117,20-IL-581-31@ (pool of 14 ears),CML154Q@,CML154Q,Ames 27083,9,4
1118,19-IL-337-31@ (pool of 4 ears),MO1W@,MO1W,PI 558520,10,4
1119,18-IL-257-31@ (pool of 7 ears),HBA1@,HBA1,PI 601172,11,4
1120,20g-1331-1334-21@ (pool of 35 ears),CML264@,CML264,PI 595544,12,4
1121,18-3849-26@,B73@,B73,check,13,4
1122,18-IL-260-31@ (pool of 13 ears),B77@,B77,PI 608765,14,4
1123,18g-1053-1054-21@ (pool of 15 ears),CML322@,CML322,Ames 27096,15,4
1124,21-1167-21@ (pool of 19 ears),NC306@,NC306,Ames 27149,16,4
1125,20g-1247-1250-21@ (pool of 34 ears),GA209@,GA209,Ames 10248,17,4
1126,18-IL-172-31@ (pool of 7 ears),A680@,A680,Ames 23503,18,4
1127,21-1127-22@ (pool of 29 ears),Wf9@,Wf9,Ames 19293,19,4
1128,18-IL-091-31@ (pool of 13 ears),CS405@,CS405,PI 559916,20,4
1129,20g-1139-1142-21@ (pool of 25 ears),NC338@,NC338,Ames 27165,21,4
1130,19-IL-319-31@ (pool of 16 ears),S8326@,S8326,PI 601612,22,4
1131,18-IL-165-31@ (pool of 9 ears),PHG83@,PHG83,PI 601229,23,4
1132,18-IL-195-31@ (pool of 11 ears),H91@,H91,Ames 27114,24,4
1133,18-IL-070-31@ (pool of 7 ears),LH74@,LH74,PI 600957,25,4
1134,20-IL-424-31@ (pool of 10 ears),Pa880@,Pa880,PI 517974,26,4
1135,17-IL-275-21@ (pool of 9 ears),FAPW@,FAPW,PI 600958,27,4
1136,19-IL-468-31@ (pool of 7 ears),CI21E@,CI21E,Cize 21,28,4
1137,18-IL-148-31@ (pool of 11 ears),LP1 NR HT@,LP1 NR HT,PI 600729,29,4
1138,18-3849-26@,B73@,B73,check,30,4
1139,21-1181-21@ (pool of 24 ears),NC368@,NC368,Ames 27180,31,4
1140,20-IL-381-31@ (pool of 11 ears),B2@,B2,Ames 26769,32,4
1141,21-1237-21@ (pool of 29 ears),B52@,B52,PI 550454,33,4
1142,21-1195-21@ (pool of 19 ears),NC348@,NC348,Ames 27170,34,4
1143,19-IL-129-31@ (pool of 16 ears),CH701-30@,CH701-30,Ames 27069,35,4
1144,18-IL-037-31@ (pool of 8 ears),Oh43E@,Oh43E,Ames 27183,36,4
1145,18-IL-196-31@ (pool of 12 ears),Seagull Seventeen@,Seagull Seventeen,PI 600751,37,4
1146,19-IL-436-31@ (pool of 12 ears),DE811@,DE811,PI 550558,38,4
1147,19-IL-203-31@ (pool of 11 ears),FBHJ@,FBHJ,PI 601439,39,4
1148,18-3849-27@,B73@,B73,check,40,4
1149,19-IL-077-31@ (pool of 8 ears),Os420@,Os420,NSL 65874,41,4
1150,19g-1227-21@ (pool of 16 ears),D940Y@,D940Y,Ames 27108,42,4
1151,18-IL-098-31@ (pool of 11 ears),R168@,R168,Ames 19326,43,4
1152,17-IL-522-22@ (pool of 5 ears),LH208@,LH208,PI 547088,44,4
1153,18-IL-237-31@ (pool of 14 ears),Pa91@,Pa91,PI 587147,45,4
1154,17-IL-431-23@ (pool of 8 ears),Tzi16@,Tzi16,PI 540747,46,4
1155,20g-1167-1170-21@ (pool of 17 ears),NC300@,NC300,Ames 27146,47,4
1156,19-IL-573-31@ (pool of 7 ears),CML103@,CML103,Ames 27081,48,4
1157,20-IL-437-31@ (pool of 10 ears),LH123HT@,LH123HT,PI 601079,49,4
1158,20g-1231-1234-21@ (pool of 22 ears),CML69@,CML69,Ames 28184,50,4
1159,18-IL-298-31@ (pool of 6 ears),Tzi25@,Tzi25,PI 506255,51,4
1160,19-IL-485-31@ (pool of 10 ears),LH150@,LH150,PI 601230,52,4
1161,17-IL-403-24@ (pool of 9 ears),33-16@,33-16,Ames 26771,53,4
1162,18-IL-267-31@ (pool of 11 ears),Mo45@,Mo45,PI 583350,54,4
1163,18-IL-108-31@ (pool of 10 ears),B73Htrhm@,B73Htrhm,Ames 27065,55,4
1164,18-3849-27@,B73@,B73,check,56,4
1165,19-IL-543-31@ (pool of 12 ears),CML333@,CML333,Ames 27101,57,4
1166,19-IL-115-31@ (pool of 10 ears),5707@,5707,PI 601269,3,5
1167,18-IL-281-31@ (pool of 10 ears),CI3A@,CI3A,Ames 26116,4,5
1168,19-IL-440-31@ (pool of 13 ears),LH213@,LH213,PI 547090,5,5
1169,18-3849-27@,B73@,B73,check,6,5
1170,21-1221-21@ (pool of 29 ears),Tzi11@,Tzi11,PI 540745,7,5
1171,20-IL-521-31@ (pool of 11 ears),NC258@,NC258,PI 531084,8,5
1172,18-3849-27@,B73@,B73,check,9,5
1173,19-IL-512-31@ (pool of 10 ears),M37W@,M37W,Ames 27133,10,5
1174,18-IL-265-31@ (pool of 9 ears),Mo44@,Mo44,Ames 28939,11,5
1175,20g-1323-1326-21@ (pool of 12 ears),Ki14@,Ki14,Ames 27259,12,5
1176,18-IL-301-31@ (pool of 8 ears),T8@,T8,PI 550518,13,5
1177,17-IL-448-25@ (pool of 7 ears),SC357@,SC357,NSL 53094,14,5
1178,17-IL-423-21@ (pool of 9 ears),Mo24W@,Mo24W,PI 587144,15,5
1179,19-IL-494-31@ (pool of 12 ears),NC294@,NC294,Ames 27143,16,5
1180,19g-1335-21@ (pool of 21 ears),CML281@,CML281,Ames 27092,17,5
1181,21-IL-045-048-21@ (pool of 33 ears),A661@,A661,PI 607521,18,5
1182,18-3849-27@,B73@,B73,check,19,5
1183,19-IL-195-31@ (pool of 12 ears),NC250@,NC250,PI 550555,20,5
1184,19g-1327-21@ (pool of 20 ears),CML254@,CML254,PI 595542,21,5
1185,18-IL-273-31@ (pool of 9 ears),NC356@,NC356,Ames 27174,22,5
1186,18-IL-263-31@ (pool of 8 ears),OH7B@,OH7B,Ames 19323,23,5
1187,18-IL-054-31@ (pool of 10 ears),MS71@,MS71,PI 587137,24,5
1188,18-IL-279-31@ (pool of 6 ears),K4@,K4,NSL 30038,25,5
1189,19g-1275-21@ (pool of 17 ears),CML277@,CML277,PI 595550,26,5
1190,18g-1127-1128-21@ (pool of 12 ears),CML108@,CML108,Ames 27082,27,5
1191,18-IL-044-31@ (pool of 10 ears),4676A@,4676A,PI 601300,28,5
1192,17-IL-415-21@ (pool of 7 ears),NC320@,NC320,Ames 27156,29,5
1193,19g-1215-21@ (pool of 25 ears),SC55@,SC55,Ames 27189,30,5
1194,19-IL-392-31@ (pool of 9 ears),NC362@,NC362,Ames 27177,31,5
1195,18-IL-245-31@ (pool of 9 ears),NC236@,NC236,Ames 12734,32,5
1196,18-IL-075-31@ (pool of 10 ears),LP5@,LP5,PI 601378,33,5
1197,19-IL-193-31@ (pool of 10 ears),Oh43@,Oh43,Ames 19288,34,5
1198,18-IL-190-31@ (pool of 6 ears),DE_2,DE_2,PI 606330,35,5
1199,17-IL-293-21@ (pool of 11 ears),AQA3@,AQA3,PI 564749,36,5
1200,19-IL-154-31@ (pool of 8 ears),Ia5125@,Ia5125,Ames 27117,37,5
1201,19-IL-110-31@ (pool of 10 ears),H8431@,H8431,PI 601610,38,5
1202,19-IL-021-31@ (pool of 12 ears),LH85@,LH85,PI 601405,39,5
1203,18-IL-071-31@ (pool of ? Ears),A635@,A635,Ames 19309,40,5
1204,19-IL-363-31@ (pool of 13 ears),CI91B@,CI91B,Ames 28365,41,5
1205,21-1094-21@ (pool of 23 ears),CO125@,CO125,Ames 27106,42,5
1206,18-IL-099-31@ (pool of ? Ears),LH82@,LH82,PI 601170,43,5
1207,21-1091-21@ (pool of 8 ears),MS1334@,MS1334,Ames 24752,44,5
1208,19-IL-535-31@ (pool of 8 ears),CML323@,CML323,Ames 27097,45,5
1209,18-IL-101-31@ (pool of 9 ears),NS501@,NS501,PI 601583,46,5
1210,20-IL-235-31@ (pool of 7 ears),B57@,B57,PI 550472,47,5
1211,17-IL-309-24@ (pool of 10 ears),Va99@,Va99,Ames 24989,48,5
1212,18-IL-094-31@ (pool of 10 ears),PHT77@,PHT77,PI 601499,49,5
1213,21-1173-21@ (pool of 13 ears),I205@,I205,NSL 65871,50,5
1214,20-IL-095-31@ (pool of 8 ears),A554@,A554,PI 587138,51,5
1215,18-IL-156-31@ (pool of 14 ears),A239@,A239,Ames 23405,52,5
1216,19-IL-305-31@ (pool of 8 ears),C103@,C103,Ames 19284,53,5
1217,18-IL-036-31@ (pool of 10 ears),PHJ40@,PHJ40,PI 601321,54,5
1218,18-IL-086-31@ (pool of 11 ears),PHK76@,PHK76,PI 601496,55,5
1219,21-1171-21@ (pool of 14 ears),Va14@,Va14,Ames 27192,56,5
1220,19-IL-083-31@ (pool of 16 ears),NC340@,NC340,Ames 27166,57,5
1221,18-IL-039-31@ (pool of 11 ears),CM105@,CM105,PI 587124,3,6
1222,18-IL-185-31@ (pool of 12 ears),IDS91@,IDS91,Ames 24577,4,6
1223,18-IL-060-31@ (pool of 11 ears),N192@,N192,PI 550566,5,6
1224,18-IL-073-31@ (pool of 8 ears),PHN11@,PHN11,PI 601497,6,6
1225,18-IL-131-31@ (pool of 12 ears),792@,792,NSL 243016,7,6
1226,19-IL-315-31@ (pool of 10 ears),BO9@,BO9,PI 601007,8,6
1227,18-3849-27@,B73@,B73,check,9,6
1228,19-IL-441-31@ (pool of 9 ears),HB8229@,HB8229,PI 601564,10,6
1229,18-IL-028-31@ (pool of 16 ears),CM174@,CM174,Ames 19316,11,6
1230,19-IL-256-31@ (pool of 15 ears),LH183@,LH183,PI 564755,12,6
1231,18-IL-097-31@ (pool of 14 ears),PHG71@,PHG71,PI 601150,13,6
1232,18-IL-072-31@ (pool of 9 ears),CR1HT@,CR1HT,PI 601080,14,6
1233,18-3849-27@,B73@,B73,check,15,6
1234,18-IL-199-31@ (pool of 11 ears),N28Ht@,N28Ht,Ames 27138,16,6
1235,19-IL-285-31@ (pool of 10 ears),6F629@,6F629,PI 546483,17,6
1236,19-IL-301-31@ (pool of 11 ears),NC310@,NC310,Ames 27151,18,6
1237,19-IL-476-31@ (pool of 12 ears),DE1@,DE1,PI 606329,19,6
1238,18-IL-106-31@ (pool of 14 ears),H105W@,H105W,PI 587127,20,6
1239,17-IL-312-23@ (pool of 12 ears),3IIH6@,3IIH6,PI 564754,21,6
1240,21-1137-21@ (pool of 16 ears),A659@,A659,NSL 81599,22,6
1241,19-IL-144-31@ (pool of 13 ears),793@,793,PI 601492,23,6
1242,18-IL-102-31@ (pool of 11 ears),PHG50@,PHG50,PI 601006,24,6
1243,18-IL-130-31@ (pool of 12 ears),SD40@,SD40,PI 606768,25,6
1244,19-IL-385-31@ (pool of 10 ears),Va22@,Va22,Ames 19328,26,6
1245,18-IL-123-31@ (pool of 10 ears),N6@,N6,Ames 27137,27,6
1246,19-IL-300-31@ (pool of 10 ears),Va35@,Va35,PI 587150,28,6
1247,17-IL-440-21@ (pool of 7 ears),PHV63@,PHV63,PI 601500,29,6
1248,19-IL-183-31@ (pool of 13 ears),LH38@,LH38,PI 600791,30,6
1249,18-IL-198-31@ (pool of 8 ears),MDF-13D@,MDF-13D,PI 600956,31,6
1250,18-3849-28@,B73@,B73,check,32,6
1251,18-IL-113-31@ (pool of 12 ears),764@,764,PI 601374,33,6
1252,18-IL-056-31@ (pool of 9 ears),LH145@,LH145,PI 600959,34,6
1253,18-IL-228-31@ (pool of 17 ears),NC264@,NC264,PI 520774,35,6
1254,19-IL-188-31@ (pool of 9 ears),Il14H@,Il14H,Ames 27118,36,6
1255,21-1157-21@ (pool of 30 ears),NC314@,NC314,Ames 27153,37,6
1256,19-IL-101-31@ (pool of 15 ears),807@,807,PI 601430,38,6
1257,21-IL-033-036-21@ (pool of 56 ears),W182B@,W182B,Ames 19330,39,6
1258,19-IL-577-31@ (pool of 11 ears),NC296@,NC296,Ames 27144,40,6
1259,18-IL-159-31@ (pool of 9 ears),MBST@,MBST,PI 601566,41,6
1260,18-3849-28@,B73@,B73,check,42,6
1261,18-IL-182-31@ (pool of 11 ears),K55@,K55,Ames 22754,43,6
1262,18-3849-28@,B73@,B73,check,44,6
1263,20-IL-403-31@ (pool of 7 ears),PHG35@,PHG35,PI 601008,45,6
1264,19-IL-095-31@ (pool of 10 ears),A619@,A619,PI 587139,46,6
1265,21-1085-21@ (pool of 20 ears),C49A@,C49A,Ames 27067,47,6
1266,18-IL-183-31@ (pool of 8 ears),Pa762@,Pa762,Ames 27184,48,6
1267,19-IL-347-31@ (pool of 6 ears),Il677a@,Il677a,Ames 27120,49,6
1268,18-IL-063-31@ (pool of 10 ears),PHG72@,PHG72,PI 601319,50,6
1269,21-1125-22@ (pool of 15 ears),Oh40B@,Oh40B,NSL 28966,51,6
1270,18-IL-137-31@ (pool of 10 ears),ZS365@,ZS365,PI 574393,52,6
1271,19-IL-126-31@ (pool of 9 ears),A679@,A679,PI 587142,53,6
1272,17-IL-233-23@ (pool of 10 ears),11430@,11430,PI 601558,54,6
1273,19-IL-122-31@ (pool of 12 ears),Q381@,Q381,PI 601190,55,6
1274,20-IL-441-31@ (pool of 7 ears),B79@,B79,PI 608766,56,6
1275,21-1215-21@ (pool of 18 ears),NC350@,NC350,Ames 27171,57,6
1276,19-IL-523-31@ (pool of 11 ears),NC232@,NC232,Ames 12732,3,7
1277,18-3849-28@,B73@,B73,check,4,7
1278,19-IL-123-31@ (pool of 11 ears),SD44@,SD44,PI 524969,5,7
1279,19-IL-481-31@ (pool of 9 ears),CI31A@,CI31A,Ames 21512,6,7
1280,18-IL-087-31@ (pool of 15 ears),ML606@,ML606,PI 583774,7,7
1281,19-IL-370-31@ (pool of 16 ears),LH51@,LH51,PI 600955,8,7
1282,18-3849-28@,B73@,B73,check,9,7
1283,18-IL-089-31@ (pool of 12 ears),A634@,A634,Ames 19308,10,7
1284,19-IL-263-31@ (pool of 14 ears),2MA22@,2MA22,PI 601560,11,7
1285,20g-1283-1286-21@ (pool of 16 ears),CML247@,CML247,PI 595541,12,7
1286,19-IL-221-31@ (pool of 9 ears),Va59@,Va59,Ames 19016,13,7
1287,19-IL-024-31@ (pool of 11 ears),NC260@,NC260,Ames 27140,14,7
1288,21-1083-21@ (pool of 28 ears),ND246@,ND246,PI 550490,15,7
1289,18-IL-224-31@ (pool of 16 ears),H95@,H95,Ames 19319,16,7
1290,21-1129-21@ (pool of 31 ears),CH9@,CH9,Ames 27068,17,7
1291,18-IL-024-31@ (pool of 7 ears),CO255@,CO255,Ames 27050,18,7
1292,21-1175-21@ (pool of 28 ears),Va17@,Va17,Ames 19002,19,7
1293,20-IL-599-31@ (pool of 7 ears),LH93@,LH93,PI 601171,20,7
1294,18-IL-065-31@ (pool of 10 ears),207@,207,PI 601005,21,7
1295,21-1211-21@ (pool of 35 ears),CI90C@,CI90C,Ames 22440,22,7
1296,18-IL-146-31@ (pool of 9 ears),G80@,G80,PI 601037,23,7
1297,20-IL-356-31@ (pool of 7 ears),B104@,B104,PI 594047,24,7
1298,20g-1235-1238-21@ (pool of 30 ears),CML238@,CML238,Ames 27089,25,7
1299,20g-1279-1282-21@ (pool of 10 ears),CML38@,CML38,PI 595534,26,7
1300,18-IL-247-31@ (pool of 12 ears),B64@,B64,PI 550440,27,7
1301,19-IL-317-31@ (pool of 13 ears),PHG86@,PHG86,PI 601442,28,7
1302,18-3849-28@,B73@,B73,check,29,7
1303,19-IL-474-31@ (pool of 11 ears),WIL500@,WIL500,PI 601689,30,7
1304,21-1095-21@ (pool of 27 ears),I29@,I29,Ames 27115,31,7
1305,19-IL-026-31@ (pool of 11 ears),RS 710@,RS 710,PI 539930,32,7
1306,20g-1135-1138-21@ (pool of 11 ears),NC360@,NC360,Ames 27176,33,7
1307,21-1155-21@ (pool of 39 ears),IDS69@,IDS69,Ames 24576,34,7
1308,21-1069-21@ (pool of 25 ears),CM37@,CM37,Ames 20190,35,7
1309,19-IL-189-31@ (pool of 11 ears),Mo47@,Mo47,PI 583352,36,7
1310,19-IL-396-31@ (pool of 10 ears),NC290A@,NC290A,Ames 27141,37,7
1311,21-1115-21@ (pool of 24 ears),IA2132@,IA2132,Ames 28364,38,7
1312,21-1079-21@ (pool of 24 ears),EP1@,EP1,Ames 27111,39,7
1313,19-IL-200-31@ (pool of 12 ears),778@,778,PI 601375,40,7
1314,21-1193-21@ (pool of 40 ears),NC302@,NC302,Ames 27147,41,7
1315,21-1101-21@ (pool of 23 ears),P39@,P39,Ames 28186,42,7
1316,18-3849-28@,B73@,B73,check,43,7
1317,21-1201-21@ (pool of 24 ears),CML220@,CML220,Ames 27087,44,7
1318,21-1099-21@ (pool of 34 ears),S8324@,S8324,PI 601611,45,7
1319,21-1097-21@ (pool of 26 ears),A654@,A654,PI 587141,46,7
1320,18-IL-088-31@ (pool of 16 ears),LH54@,LH54,PI 601316,47,7
1321,21-IL-017-020-21@ (pool of 43 ears),F7@,F7,PI 257507,48,7
1322,21-1145-21@ (pool of 32 ears),H99@,H99,PI 587129,49,7
1323,20g-2132-23@,W22 R1-r@,W22 R1-r,control,50,7
1324,21-1090-21@ (pool of 16 ears),W117HT@,W117HT,Ames 8399,51,7
1325,21-1119-21@ (pool of 40 ears),Yu796_NS,Yu796_NS,Ames 27196,52,7
1326,18-3850-23@,B73@,B73,check,53,7
1327,19-IL-229-31@ (pool of 11 ears),NC262@,NC262,PI 531085,54,7
1328,19-IL-399-31@ (pool of 15 ears),CI187-2@,CI187-2,Ames 26138,55,7
1329,18g-2092-25@,UFMu-10309@,UFMu-10309,mu1085249; (-/-)@,56,7
1330,18-IL-035-31@ (pool of 7 ears),F42@,F42,PI 601026,57,7
1331,18-3850-23@,B73@,B73,check,3,8
1332,21-M1558-3@,UFMu-05595@,UFMu-05595,mu1044576; (-/-),4,8
1333,19g-1123-21@ (pool of 16 ears),W22@,W22,NSL 30053,5,8
1334,21-M1554-7@,UFMu-07868@,UFMu-07868,mu1058741; (-/-),6,8
1335,19-IL-113-31@ (pool of 6 ears),PHG47@,PHG47,PI 601318,7,8
1336,19-IL-525-31@ (pool of 6 ears),NC230@,NC230,Ames 12731,8,8
1337,18-5076-5@,UFMu-08805@,UFMu-08805,mu1068240(-/-)@,9,8
1338,18-3850-23@,B73@,B73,check,10,8
1339,21-1071-21@ (pool of 24 ears),779@,779,PI 601376,11,8
1340,18-IL-053-31@ (pool of 9 ears),29MIBZ2@,29MIBZ2,PI 548830,12,8
1341,19-IL-112-31@ (pool of 16 ears),L127@,L127,PI 601726,13,8
1342,18-5091-9@,UFMu-08808@,UFMu-08808,mu1069396(-/-)@,14,8
1343,19-IL-243-31@ (pool of 17 ears),NC364@,NC364,Ames 27178,15,8
1344,21-1217-21@ (pool of 34 ears),CI66@,CI66,PI 587148,16,8
1345,19-3876-23@,UFMu-08594@,UFMu-08594,mu1069120; (-/-),17,8
1346,19-IL-260-31@ (pool of 13 ears),LH57@,LH57,PI 601317,18,8
1347,19-IL-311-31@ (pool of 11 ears),78010@,78010,PI 601211,19,8
1348,21-1227-21@ (pool of 20 ears),NC346@,NC346,Ames 27169,20,8
1349,21-1073-21@ (pool of 9 ears),Mt42@,Mt42,Ames 20140,21,8
1350,21-1107-21@ (pool of 20 ears),W153R@,W153R,PI 587154,22,8
1351,19-IL-032-31@ (pool of 13 ears),A188@,A188,Ames 22443,23,8
1352,21-1185-21@ (pool of 22 ears),LH1@,LH1,PI 644101,24,8
1353,18g-1103-1104-21@ (pool of 13 ears),CML10@,CML10,Ames 27072,25,8
1354,19g-1319-21@ (pool of 21 ears),CML261@,CML261,Ames 27091,26,8
1355,19g-1303-21@ (pool of 20 ears),CML331@,CML331,Ames 27099,27,8
1356,18-IL-119-31@ (pool of 11 ears),Sg18@,Sg18,NSL 75979,28,8
1357,19-IL-515-31@ (pool of 6 ears),CML92@,CML92,Ames 27080,29,8
1358,17-IL-430-21@ (pool of 10 ears),38-11@,38-11,Ames 26604,30,8
1359,21-1177-21@ (pool of 28 ears),F2834T@,F2834T,Ames 27112,31,8
1360,19-IL-527-31@ (pool of 11 ears),L317@,L317,NSL 65873,32,8
1361,18-3850-23@,B73@,B73,check,33,8
1362,18-IL-179-31@ (pool of 5 ears),A441-5@,A441-5,Ames 27064,34,8
1363,21-1229-21@ (pool of 18 ears),Tx303@,Tx303,Ames 19327,35,8
1364,20g-1203-1206-21@ (pool of 25 ears),L578@,L578,Ames 27132,36,8
1365,18-3850-21@,B73@,B73,check,37,8
1366,18-IL-034-31@ (pool of 11 ears),R109B@,R109B,NSL 242484,38,8
1367,17-IL-164-22@ (pool of 8 ears),CI.7@,CI.7,Ames 28367,39,8
1368,17-IL-258-23@ (pool of 8 ears),4226@,4226,NSL 30904,40,8
1369,18g-1145-1146-21@ (pool of 16 ears),CML52@,CML52,PI 595561,41,8
1370,21-1199-21@ (pool of 14 ears),A641@,A641,Ames 19311,42,8
1371,18g-1149-1150-21@ (pool of 8 ears),CML287@,CML287,PI 595565,43,8
1372,20g-1111-1114-21@ (pool of 17 ears),Kui2021@,Kui2021,Ames 27129,44,8
1373,21-1233-21@ (pool of 12 ears),NC33@,NC33,Ames 27139,45,8
1374,19-IL-310-31@ (pool of 16 ears),NC318@,NC318,Ames 27155,46,8
1375,19-IL-562-31@ (pool of 15 ears),Tzi18@,Tzi18,PI 506253,47,8
1376,18g-1083-1084-21@ (pool of 17 ears),CML321@,CML321,Ames 27095,48,8
1377,19g-1251-21@ (pool of 32 ears),Tx601@,Tx601,Ames 22763,49,8
1378,18-IL-081-31@ (pool of 9 ears),B75@,B75,PI 608774,50,8
1379,19-IL-351-31@ (pool of 7 ears),Ky226@,Ky226,Ames 27131,51,8
1380,21-1113-21@ (pool of 15 ears),PHR36@,PHR36,PI 601361,52,8
1381,,09-3961,, 3961@ (bulk of 9),,Mo17@,Mo17,filler,53,8
1382,,09-3961,, 3961@ (bulk of 9),,Mo17@,Mo17,filler,54,8
1383,,09-3961,, 3961@ (bulk of 9),,Mo17@,Mo17,filler,55,8
1384,,09-3961,, 3961@ (bulk of 9),,Mo17@,Mo17,filler,56,8
1385,,09-3961,, 3961@ (bulk of 9),,Mo17@,Mo17,filler,57,8
2001,,09-3961,, 3961@ (bulk of 9),,Mo17@,Mo17,filler,3,9
2002,,09-3961,, 3961@ (bulk of 9),,Mo17@,Mo17,filler,4,9
2003,,09-3961,, 3961@ (bulk of 9),,Mo17@,Mo17,filler,5,9
2004,,09-3961,, 3961@ (bulk of 9),,Mo17@,Mo17,filler,6,9
2005,,09-3961,, 3961@ (bulk of 9),,Mo17@,Mo17,filler,7,9
2006,,09-3961,, 3961@ (bulk of 9),,Mo17@,Mo17,filler,8,9
2007,,09-3961,, 3961@ (bulk of 9),,Mo17@,Mo17,filler,9,9
2008,,09-3961,, 3961@ (bulk of 9),,Mo17@,Mo17,filler,10,9
2009,,09-3961,, 3961@ (bulk of 9),,Mo17@,Mo17,filler,11,9
2010,,09-3961,, 3961@ (bulk of 9),,Mo17@,Mo17,filler,12,9
2011,,09-3961,, 3961@ (bulk of 9),,Mo17@,Mo17,filler,13,9
2012,,09-3961,, 3961@ (bulk of 9),,Mo17@,Mo17,filler,14,9
2013,,09-3961,, 3961@ (bulk of 9),,Mo17@,Mo17,filler,15,9
2014,,09-3961,, 3961@ (bulk of 9),,Mo17@,Mo17,filler,16,9
2015,,09-3961,, 3961@ (bulk of 9),,Mo17@,Mo17,filler,17,9
2016,,09-3961,, 3961@ (bulk of 9),,Mo17@,Mo17,filler,18,9
2017,,09-3961,, 3961@ (bulk of 9),,Mo17@,Mo17,filler,19,9
2018,,09-3961,, 3961@ (bulk of 9),,Mo17@,Mo17,filler,20,9
2019,17-IL-164-22@ (pool of 8 ears),CI.7@,CI.7,Ames 28367,21,9
2020,19-IL-515-31@ (pool of 6 ears),CML92@,CML92,Ames 27080,22,9
2021,19g-1303-21@ (pool of 20 ears),CML331@,CML331,Ames 27099,23,9
2022,21-1229-21@ (pool of 18 ears),Tx303@,Tx303,Ames 19327,24,9
2023,19-2718-22@,B73@,B73,check,25,9
2024,18-IL-179-31@ (pool of 5 ears),A441-5@,A441-5,Ames 27064,26,9
2025,18g-1083-1084-21@ (pool of 17 ears),CML321@,CML321,Ames 27095,27,9
2026,19g-1319-21@ (pool of 21 ears),CML261@,CML261,Ames 27091,28,9
2027,18-IL-081-31@ (pool of 9 ears),B75@,B75,PI 608774,29,9
2028,20g-1111-1114-21@ (pool of 17 ears),Kui2021@,Kui2021,Ames 27129,30,9
2029,18-IL-034-31@ (pool of 11 ears),R109B@,R109B,NSL 242484,31,9
2030,21-1199-21@ (pool of 14 ears),A641@,A641,Ames 19311,32,9
2031,19-IL-351-31@ (pool of 7 ears),Ky226@,Ky226,Ames 27131,33,9
2032,19-2718-22@,B73@,B73,check,34,9
2033,21-1177-21@ (pool of 28 ears),F2834T@,F2834T,Ames 27112,35,9
2034,17-IL-430-21@ (pool of 10 ears),38-11@,38-11,Ames 26604,36,9
2035,17-IL-258-23@ (pool of 8 ears),4226@,4226,NSL 30904,37,9
2036,20g-1203-1206-21@ (pool of 25 ears),L578@,L578,Ames 27132,38,9
2037,18-IL-119-31@ (pool of 11 ears),Sg18@,Sg18,NSL 75979,39,9
2038,19g-1315-21@ (pool of 7 ears),CML287@,CML287,PI 595565,40,9
2039,19-IL-310-31@ (pool of 16 ears),NC318@,NC318,Ames 27155,41,9
2040,18g-1145-1146-21@ (pool of 16 ears),CML52@,CML52,PI 595561,42,9
2041,21-1233-21@ (pool of 12 ears),NC33@,NC33,Ames 27139,43,9
2042,18g-1103-1104-21@ (pool of 13 ears),CML10@,CML10,Ames 27072,44,9
2043,21-1113-21@ (pool of 15 ears),PHR36@,PHR36,PI 601361,45,9
2044,19-IL-562-31@ (pool of 15 ears),Tzi18@,Tzi18,PI 506253,46,9
2045,19g-1251-21@ (pool of 32 ears),Tx601@,Tx601,Ames 22763,47,9
2046,19-IL-527-31@ (pool of 11 ears),L317@,L317,NSL 65873,48,9
2047,18-IL-245-31@ (pool of 9 ears),NC236@,NC236,Ames 12734,49,9
2048,19-2718-22@,B73@,B73,check,50,9
2049,19-2718-22@,B73@,B73,check,51,9
2050,18-IL-101-31@ (pool of 9 ears),NS501@,NS501,PI 601583,52,9
2051,20-IL-095-31@ (pool of 8 ears),A554@,A554,PI 587138,53,9
2052,18-IL-199-31@ (pool of 11 ears),N28Ht@,N28Ht,Ames 27138,54,9
2053,18-IL-224-31@ (pool of 16 ears),H95@,H95,Ames 19319,55,9
2054,18-IL-060-31@ (pool of 11 ears),N192@,N192,PI 550566,56,9
2055,19-2718-23@,B73@,B73,check,57,9
2056,21-1157-21@ (pool of 30 ears),NC314@,NC314,Ames 27153,3,10
2057,19-IL-263-31@ (pool of 14 ears),2MA22@,2MA22,PI 601560,4,10
2058,21-1137-21@ (pool of 16 ears),A659@,A659,NSL 81599,5,10
2059,21-1211-21@ (pool of 35 ears),CI90C@,CI90C,Ames 22440,6,10
2060,17-IL-312-23@ (pool of 12 ears),3IIH6@,3IIH6,PI 564754,7,10
2061,19-IL-523-31@ (pool of 11 ears),NC232@,NC232,Ames 12732,8,10
2062,18-IL-087-31@ (pool of 15 ears),ML606@,ML606,PI 583774,9,10
2063,19-IL-256-31@ (pool of 15 ears),LH183@,LH183,PI 564755,10,10
2064,18-IL-024-31@ (pool of 7 ears),CO255@,CO255,Ames 27050,11,10
2065,21-1091-21@ (pool of 8 ears),MS1334@,MS1334,Ames 24752,12,10
2066,18-IL-089-31@ (pool of 12 ears),A634@,A634,Ames 19308,13,10
2067,21-1125-22@ (pool of 15 ears),Oh40B@,Oh40B,NSL 28966,14,10
2068,18-IL-086-31@ (pool of 11 ears),PHK76@,PHK76,PI 601496,15,10
2069,17-IL-440-21@ (pool of 7 ears),PHV63@,PHV63,PI 601500,16,10
2070,19-IL-021-31@ (pool of 12 ears),LH85@,LH85,PI 601405,17,10
2071,18-IL-182-31@ (pool of 11 ears),K55@,K55,Ames 22754,18,10
2072,19-IL-024-31@ (pool of 11 ears),NC260@,NC260,Ames 27140,19,10
2073,17-IL-309-24@ (pool of 10 ears),Va99@,Va99,Ames 24989,20,10
2074,19-IL-183-31@ (pool of 13 ears),LH38@,LH38,PI 600791,21,10
2075,18-IL-130-31@ (pool of 12 ears),SD40@,SD40,PI 606768,22,10
2076,19-IL-363-31@ (pool of 13 ears),CI91B@,CI91B,Ames 28365,23,10
2077,19-IL-122-31@ (pool of 12 ears),Q381@,Q381,PI 601190,24,10
2078,18-IL-065-31@ (pool of 10 ears),207@,207,PI 601005,25,10
2079,18-IL-075-31@ (pool of 10 ears),LP5@,LP5,PI 601378,26,10
2080,19-2718-23@,B73@,B73,check,27,10
2081,18-IL-039-31@ (pool of 11 ears),CM105@,CM105,PI 587124,28,10
2082,19-IL-126-31@ (pool of 9 ears),A679@,A679,PI 587142,29,10
2083,18-IL-185-31@ (pool of 12 ears),IDS91@,IDS91,Ames 24577,30,10
2084,18-IL-156-31@ (pool of 14 ears),A239@,A239,Ames 23405,31,10
2085,18-IL-094-31@ (pool of 10 ears),PHT77@,PHT77,PI 601499,32,10
2086,18-IL-159-31@ (pool of 9 ears),MBST@,MBST,PI 601566,33,10
2087,18-IL-228-31@ (pool of 17 ears),NC264@,NC264,PI 520774,34,10
2088,18-IL-063-31@ (pool of 10 ears),PHG72@,PHG72,PI 601319,35,10
2089,18-IL-072-31@ (pool of 9 ears),CR1HT@,CR1HT,PI 601080,36,10
2090,18-IL-028-31@ (pool of 16 ears),CM174@,CM174,Ames 19316,37,10
2091,19-IL-285-31@ (pool of 10 ears),6F629@,6F629,PI 546483,38,10
2092,21-1083-21@ (pool of 28 ears),ND246@,ND246,PI 550490,39,10
2093,19-2718-23@,B73@,B73,check,40,10
2094,19-IL-123-31@ (pool of 11 ears),SD44@,SD44,PI 524969,41,10
2095,18-IL-247-31@ (pool of 12 ears),B64@,B64,PI 550440,42,10
2096,19-IL-441-31@ (pool of 9 ears),HB8229@,HB8229,PI 601564,43,10
2097,18-IL-106-31@ (pool of 14 ears),H105W@,H105W,PI 587127,44,10
2098,18-IL-056-31@ (pool of 9 ears),LH145@,LH145,PI 600959,45,10
2099,21-1129-21@ (pool of 31 ears),CH9@,CH9,Ames 27068,46,10
2100,19-IL-101-31@ (pool of 15 ears),807@,807,PI 601430,47,10
2101,19-IL-577-31@ (pool of 11 ears),NC296@,NC296,Ames 27144,48,10
2102,18-IL-131-31@ (pool of 12 ears),792@,792,NSL 243016,49,10
2103,19-2718-23@,B73@,B73,check,50,10
2104,18-IL-073-31@ (pool of 8 ears),PHN11@,PHN11,PI 601497,51,10
2105,19-IL-347-31@ (pool of 6 ears),Il677a@,Il677a,Ames 27120,52,10
2106,19-IL-315-31@ (pool of 10 ears),BO9@,BO9,PI 601007,53,10
2107,18-IL-071-31@ (pool of ? Ears),A635@,A635,Ames 19309,54,10
2108,19-IL-144-31@ (pool of 13 ears),793@,793,PI 601492,55,10
2109,19-IL-193-31@ (pool of 10 ears),Oh43@,Oh43,Ames 19288,56,10
2110,19-IL-535-31@ (pool of 8 ears),CML323@,CML323,Ames 27097,57,10
2111,19-2718-23@,B73@,B73,check,3,11
2112,17-IL-233-23@ (pool of 10 ears),11430@,11430,PI 601558,4,11
2113,18-IL-137-31@ (pool of 10 ears),ZS365@,ZS365,PI 574393,5,11
2114,21-1215-21@ (pool of 18 ears),NC350@,NC350,Ames 27171,6,11
2115,18-IL-190-31@ (pool of 6 ears),DE_2,DE_2,PI 606330,7,11
2116,20-IL-356-31@ (pool of 7 ears),B104@,B104,PI 594047,8,11
2117,18-IL-183-31@ (pool of 8 ears),Pa762@,Pa762,Ames 27184,9,11
2118,20g-1283-1286-21@ (pool of 16 ears),CML247@,CML247,PI 595541,10,11
2119,18-IL-146-31@ (pool of 9 ears),G80@,G80,PI 601037,11,11
2120,21-1085-21@ (pool of 20 ears),C49A@,C49A,Ames 27067,12,11
2121,20g-1235-1238-21@ (pool of 30 ears),CML238@,CML238,Ames 27089,13,11
2122,21-1175-21@ (pool of 28 ears),Va17@,Va17,Ames 19002,14,11
2123,18-IL-123-31@ (pool of 10 ears),N6@,N6,Ames 27137,15,11
2124,19-IL-476-31@ (pool of 12 ears),DE1@,DE1,PI 606329,16,11
2125,19-IL-083-31@ (pool of 16 ears),NC340@,NC340,Ames 27166,17,11
2126,19-IL-188-31@ (pool of 9 ears),Il14H@,Il14H,Ames 27118,18,11
2127,18-IL-036-31@ (pool of 10 ears),PHJ40@,PHJ40,PI 601321,19,11
2128,19-IL-301-31@ (pool of 11 ears),NC310@,NC310,Ames 27151,20,11
2129,20-IL-441-31@ (pool of 7 ears),B79@,B79,PI 608766,21,11
2130,19-IL-392-31@ (pool of 9 ears),NC362@,NC362,Ames 27177,22,11
2131,20-IL-403-31@ (pool of 7 ears),PHG35@,PHG35,PI 601008,23,11
2132,20g-1279-1282-21@ (pool of 10 ears),CML38@,CML38,PI 595534,24,11
2133,19-IL-481-31@ (pool of 9 ears),CI31A@,CI31A,Ames 21512,25,11
2134,19-IL-317-31@ (pool of 13 ears),PHG86@,PHG86,PI 601442,26,11
2135,19-IL-221-31@ (pool of 9 ears),Va59@,Va59,Ames 19016,27,11
2136,18-IL-099-31@ (pool of ? Ears),LH82@,LH82,PI 601170,28,11
2137,19-2718-24@,B73@,B73,check,29,11
2138,21-1171-21@ (pool of 14 ears),Va14@,Va14,Ames 27192,30,11
2139,19-IL-095-31@ (pool of 10 ears),A619@,A619,PI 587139,31,11
2140,19-IL-154-31@ (pool of 8 ears),Ia5125@,Ia5125,Ames 27117,32,11
2141,18-IL-097-31@ (pool of 14 ears),PHG71@,PHG71,PI 601150,33,11
2142,19-IL-305-31@ (pool of 8 ears),C103@,C103,Ames 19284,34,11
2143,19-IL-370-31@ (pool of 16 ears),LH51@,LH51,PI 600955,35,11
2144,20-IL-599-31@ (pool of 7 ears),LH93@,LH93,PI 601171,36,11
2145,19-IL-110-31@ (pool of 10 ears),H8431@,H8431,PI 601610,37,11
2146,18-IL-102-31@ (pool of 11 ears),PHG50@,PHG50,PI 601006,38,11
2147,21-IL-033-036-21@ (pool of 56 ears),W182B@,W182B,Ames 19330,39,11
2148,19-IL-300-31@ (pool of 10 ears),Va35@,Va35,PI 587150,40,11
2149,18-IL-113-31@ (pool of 12 ears),764@,764,PI 601374,41,11
2150,17-IL-293-21@ (pool of 11 ears),AQA3@,AQA3,PI 564749,42,11
2151,19-IL-385-31@ (pool of 10 ears),Va22@,Va22,Ames 19328,43,11
2152,21-1094-21@ (pool of 23 ears),CO125@,CO125,Ames 27106,44,11
2153,21-1173-21@ (pool of 13 ears),I205@,I205,NSL 65871,45,11
2154,20-IL-235-31@ (pool of 7 ears),B57@,B57,PI 550472,46,11
2155,18-IL-198-31@ (pool of 8 ears),MDF-13D@,MDF-13D,PI 600956,47,11
2156,17-IL-522-22@ (pool of 5 ears),LH208@,LH208,PI 547088,48,11
2157,19g-1275-21@ (pool of 17 ears),CML277@,CML277,PI 595550,49,11
2158,19-IL-494-31@ (pool of 12 ears),NC294@,NC294,Ames 27143,50,11
2159,18-IL-281-31@ (pool of 10 ears),CI3A@,CI3A,Ames 26116,51,11
2160,18-IL-263-31@ (pool of 8 ears),OH7B@,OH7B,Ames 19323,52,11
2161,19g-1335-21@ (pool of 21 ears),CML281@,CML281,Ames 27092,53,11
2162,19g-1227-21@ (pool of 16 ears),D940Y@,D940Y,Ames 27108,54,11
2163,20g-1323-1326-21@ (pool of 12 ears),Ki14@,Ki14,Ames 27259,55,11
2164,17-IL-415-21@ (pool of 7 ears),NC320@,NC320,Ames 27156,56,11
2165,18-IL-098-31@ (pool of 11 ears),R168@,R168,Ames 19326,57,11
2166,19-2718-24@,B73@,B73,check,3,12
2167,19-IL-195-31@ (pool of 12 ears),NC250@,NC250,PI 550555,4,12
2168,19-2718-24@,B73@,B73,check,5,12
2169,19-IL-077-31@ (pool of 8 ears),Os420@,Os420,NSL 65874,6,12
2170,19-IL-543-31@ (pool of 12 ears),CML333@,CML333,Ames 27101,7,12
2171,17-IL-448-25@ (pool of 7 ears),SC357@,SC357,NSL 53094,8,12
2172,19-2718-24@,B73@,B73,check,9,12
2173,18g-1127-1128-21@ (pool of 12 ears),CML108@,CML108,Ames 27082,10,12
2174,21-IL-045-048-21@ (pool of 33 ears),A661@,A661,PI 607521,11,12
2175,18-IL-279-31@ (pool of 6 ears),K4@,K4,NSL 30038,12,12
2176,19-IL-573-31@ (pool of 7 ears),CML103@,CML103,Ames 27081,13,12
2177,19g-1215-21@ (pool of 25 ears),SC55@,SC55,Ames 27189,14,12
2178,18-IL-273-31@ (pool of 9 ears),NC356@,NC356,Ames 27174,15,12
2179,18-IL-298-31@ (pool of 6 ears),Tzi25@,Tzi25,PI 506255,16,12
2180,19-2718-24@,B73@,B73,check,17,12
2181,20-IL-437-31@ (pool of 10 ears),LH123HT@,LH123HT,PI 601079,18,12
2182,20-IL-521-31@ (pool of 11 ears),NC258@,NC258,PI 531084,19,12
2183,20g-1231-1234-21@ (pool of 22 ears),CML69@,CML69,Ames 28184,20,12
2184,17-IL-423-21@ (pool of 9 ears),Mo24W@,Mo24W,PI 587144,21,12
2185,19g-1327-21@ (pool of 20 ears),CML254@,CML254,PI 595542,22,12
2186,18-IL-267-31@ (pool of 11 ears),Mo45@,Mo45,PI 583350,23,12
2187,19-IL-440-31@ (pool of 13 ears),LH213@,LH213,PI 547090,24,12
2188,19-IL-485-31@ (pool of 10 ears),LH150@,LH150,PI 601230,25,12
2189,19-IL-115-31@ (pool of 10 ears),5707@,5707,PI 601269,26,12
2190,19-IL-512-31@ (pool of 10 ears),M37W@,M37W,Ames 27133,27,12
2191,18-IL-237-31@ (pool of 14 ears),Pa91@,Pa91,PI 587147,28,12
2192,18-IL-265-31@ (pool of 9 ears),Mo44@,Mo44,Ames 28939,29,12
2193,21-1221-21@ (pool of 29 ears),Tzi11@,Tzi11,PI 540745,30,12
2194,18-IL-108-31@ (pool of 10 ears),B73Htrhm@,B73Htrhm,Ames 27065,31,12
2195,18-IL-301-31@ (pool of 8 ears),T8@,T8,PI 550518,32,12
2196,18-IL-054-31@ (pool of 10 ears),MS71@,MS71,PI 587137,33,12
2197,17-IL-403-24@ (pool of 9 ears),33-16@,33-16,Ames 26771,34,12
2198,20g-1167-1170-21@ (pool of 17 ears),NC300@,NC300,Ames 27146,35,12
2199,17-IL-431-23@ (pool of 8 ears),Tzi16@,Tzi16,PI 540747,36,12
2200,18-IL-044-31@ (pool of 10 ears),4676A@,4676A,PI 601300,37,12
2201,19-IL-287-31@ (pool of 11 ears),B109@,B109,PI 597927,38,12
2202,18-IL-195-31@ (pool of 11 ears),H91@,H91,Ames 27114,39,12
2203,20g-1155-1158-21@ (pool of 10 ears),MBNA@,MBNA,PI 601209,40,12
2204,18-IL-127-31@ (pool of 13 ears),W64A@,W64A,NSL 30058,41,12
2205,17-IL-250-21@ (pool of 7 ears),B103@,B103,PI 594046,42,12
2206,19-IL-319-31@ (pool of 16 ears),S8326@,S8326,PI 601612,43,12
2207,19-IL-303-31@ (pool of 10 ears),DJ7@,DJ7,PI 601191,44,12
2208,18-IL-315-31@ (pool of 13 ears),NC366@,NC366,Ames 27179,45,12
2209,19-IL-254-31@ (pool of 10 ears),ICI 740@,ICI 740,PI 559382,46,12
2210,18-IL-201-31@ (pool of 9 ears),PHWG5@,PHWG5,PI 559954,47,12
2211,17-IL-333-24@ (pool of 12 ears),FBLA@,FBLA,PI 546482,48,12
2212,19-IL-079-31@ (pool of 10 ears),LH146Ht@,LH146Ht,PI 601402,49,12
2213,19g-1187-21@ (pool of 19 ears),NC352@,NC352,Ames 27172,50,12
2214,18-IL-194-31@ (pool of 9 ears),PHG39@,PHG39,PI 600981,51,12
2215,19-IL-295-31@ (pool of 13 ears),B73@,B73,PI 550473,52,12
2216,18-IL-144-31@ (pool of 9 ears),CQ702RC@,CQ702RC,PI 566938,53,12
2217,19-IL-443-31@ (pool of 13 ears),R4@,R4,Ames 27187,54,12
2218,20-IL-407-31@ (pool of 8 ears),N7A@,N7A,PI 607512,55,12
2219,18g-1077-1078-21@ (pool of 10 ears),Mo18W@,Mo18W,PI 550441,56,12
2220,19g-1195-21@ (pool of 13 ears),E8501@,E8501,PI 601724,57,12
2221,20g-1247-1250-21@ (pool of 34 ears),GA209@,GA209,Ames 10248,3,13
2222,20g-1115-1118-21@ (pool of 24 ears),Hi27@,Hi27,PI 593009,4,13
2223,18-IL-148-31@ (pool of 11 ears),LP1 NR HT@,LP1 NR HT,PI 600729,5,13
2224,19-IL-462-31@ (pool of 8 ears),Va85@,Va85,Ames 27193,6,13
2225,18-IL-037-31@ (pool of 8 ears),Oh43E@,Oh43E,Ames 27183,7,13
2226,19-IL-245-31@ (pool of 8 ears),NQ508@,NQ508,PI 559918,8,13
2227,18-IL-091-31@ (pool of 13 ears),CS405@,CS405,PI 559916,9,13
2228,20-IL-381-31@ (pool of 11 ears),B2@,B2,Ames 26769,10,13
2229,18-IL-170-31@ (pool of 9 ears),Va26@,Va26,PI 587149,11,13
2230,17-IL-398-24@ (pool of 9 ears),B68@,B68,PI 550465,12,13
2231,21-1205-21@ (pool of 22 ears),NC298@,NC298,Ames 27261,13,13
2232,20g-1131-1134-21@ (pool of 40 ears),Black Jewell 85@,Black Jewell 85,PI 601081,14,13
2233,17g-1352-21@ (pool of 8 ears),T234@,T234,Ames 27190,15,13
2234,21-IL-213-216-21@ (pool of 47 ears),LH39@,LH39,PI 600944,16,13
2235,18-IL-057-31@ (pool of 10 ears),POP-N-EAT@,POP-N-EAT,PI 600742,17,13
2236,19g-1204-21@ (pool of 4 ears),CML91@,CML91,Ames 27079,18,13
2237,19-2718-24@,B73@,B73,check,19,13
2238,19-IL-275-31@ (pool of 12 ears),PHW17@,PHW17,PI 601362,20,13
2239,19-IL-436-31@ (pool of 12 ears),DE811@,DE811,PI 550558,21,13
2240,18g-1109-1110-21@ (pool of 15 ears),CML332@,CML332,Ames 27100,22,13
2241,18-IL-105-31@ (pool of 12 ears),2FACC@,2FACC,PI 601808,23,13
2242,21-1127-22@ (pool of 29 ears),Wf9@,Wf9,Ames 19293,24,13
2243,18-IL-172-31@ (pool of 7 ears),A680@,A680,Ames 23503,25,13
2244,19-2718-24@,B73@,B73,check,26,13
2245,20g-1331-1334-21@ (pool of 35 ears),CML264@,CML264,PI 595544,27,13
2246,19-IL-241-31@ (pool of 7 ears),NC328@,NC328,Ames 27160,28,13
2247,21-1141-22@ (pool of 40 ears),Mo46@,Mo46,PI 583351,29,13
2248,19-IL-203-31@ (pool of 11 ears),FBHJ@,FBHJ,PI 601439,30,13
2249,19-2718-24@,B73@,B73,check,31,13
2250,19-IL-566-31@ (pool of 11 ears),Ky21@,Ky21,PI 552676,32,13
2251,19-2718-24@,B73@,B73,check,33,13
2252,18-IL-191-31@ (pool of 11 ears),HP301@,HP301,PI 587131,34,13
2253,18-IL-165-31@ (pool of 9 ears),PHG83@,PHG83,PI 601229,35,13
2254,18g-1053-1054-21@ (pool of 15 ears),CML322@,CML322,Ames 27096,36,13
2255,18-IL-309-31@ (pool of 9 ears),CI64@,CI64,Ames 19314,37,13
2256,19-IL-233-31@ (pool of 10 ears),B164@,B164,Ames 27066,38,13
2257,18-IL-070-31@ (pool of 7 ears),LH74@,LH74,PI 600957,39,13
2258,19-IL-468-31@ (pool of 7 ears),CI21E@,CI21E,Cize 21,40,13
2259,20g-1139-1142-21@ (pool of 25 ears),NC338@,NC338,Ames 27165,41,13
2260,21-1223-21@ (pool of 20 ears),CML328@,CML328,Ames 27098,42,13
2261,18-IL-104-31@ (pool of 13 ears),78551S@,78551S,PI 601562,43,13
2262,19-IL-343-31@ (pool of 8 ears),R229@,R229,PI 592734,44,13
2263,19-2718-25@,B73@,B73,check,45,13
2264,18-IL-288-31@ (pool of 10 ears),E2558W@,E2558W,Ames 27110,46,13
2265,21-1181-21@ (pool of 24 ears),NC368@,NC368,Ames 27180,47,13
2266,19-IL-035-31@ (pool of 10 ears),CR14@,CR14,PI 601683,48,13
2267,21-1213-21@ (pool of 15 ears),I137TN@,I137TN,Ames 27116,49,13
2268,21-1183-21@ (pool of 33 ears),PHZ51@,PHZ51,PI 601322,50,13
2269,20-IL-347-31@ (pool of 3 ears),MO1W@,MO1W,PI 558520,51,13
2270,19-IL-356-31@ (pool of 12 ears),LH60@,LH60,PI 601404,52,13
2271,18-IL-038-31@ (pool of 15 ears),MQ305@,MQ305,PI 559917,53,13
2272,18-IL-212-31@ (pool of 11 ears),NC342@,NC342,Ames 27167,54,13
2273,19-IL-186-31@ (pool of 8 ears),FR19@,FR19,PI 600772,55,13
2274,20-IL-424-31@ (pool of 10 ears),Pa880@,Pa880,PI 517974,56,13
2275,19-IL-447-31@ (pool of 12 ears),B10@,B10,NSL 65865,57,13
2276,20g-1127-1130-21@ (pool of 17 ears),PHG84@,PHG84,PI 601320,3,14
2277,18-IL-242-31@ (pool of 10 ears),B46@,B46,PI 550469,4,14
2278,18-IL-220-31@ (pool of 13 ears),B97@,B97,PI 564682,5,14
2279,21-1167-21@ (pool of 19 ears),NC306@,NC306,Ames 27149,6,14
2280,20-IL-581-31@ (pool of 14 ears),CML154Q@,CML154Q,Ames 27083,7,14
2281,18-IL-260-31@ (pool of 13 ears),B77@,B77,PI 608765,8,14
2282,19-IL-119-31@ (pool of 13 ears),A682@,A682,PI 587143,9,14
2283,19-IL-480-31@ (pool of 5 ears),CI28A@,CI28A,Cize 28,10,14
2284,18-IL-217-31@ (pool of 11 ears),Pa875@,Pa875,Ames 27185,11,14
2285,19-IL-377-31@ (pool of 10 ears),H49@,H49,Ames 15929,12,14
2286,19-IL-495-31@ (pool of 11 ears),Sg1533@,Sg1533,PI 587132,13,14
2287,19-2718-25@,B73@,B73,check,14,14
2288,18-IL-143-31@ (pool of 13 ears),A632@,A632,PI 587140,15,14
2289,18-IL-196-31@ (pool of 12 ears),Seagull Seventeen@,Seagull Seventeen,PI 600751,16,14
2290,18-IL-257-31@ (pool of 7 ears),HBA1@,HBA1,PI 601172,17,14
2291,19-2718-25@,B73@,B73,check,18,14
2292,19-IL-293-31@ (pool of 9 ears),B14A@,B14A,PI 550461,19,14
2293,21-1237-21@ (pool of 29 ears),B52@,B52,PI 550454,20,14
2294,18-IL-042-31@ (pool of 7 ears),PHH93@,PHH93,PI 601567,21,14
2295,21-1195-21@ (pool of 19 ears),NC348@,NC348,Ames 27170,22,14
2296,20-IL-510-31@ (pool of 7 ears),NC344@,NC344,Ames 27168,23,14
2297,19-IL-249-31@ (pool of 10 ears),H84@,H84,PI 587128,24,14
2298,17-IL-427-23@ (pool of 9 ears),K64@,K64,Ames 27121,25,14
2299,19-IL-469-31@ (pool of 8 ears),MoG@,MoG,Ames 27136,26,14
2300,19g-1175-21@ (pool of 24 ears),NC336@,NC336,Ames 27164,27,14
2301,18-IL-153-31@ (pool of 8 ears),PHW43@,PHW43,PI 601792,28,14
2302,19-IL-313-31@ (pool of 12 ears),KY228@,KY228,PI 587136,29,14
2303,19-2718-25@,B73@,B73,check,30,14
2304,19-IL-407-31@ (pool of 14 ears),B76@,B76,PI 550483,31,14
2305,19-IL-273-31@ (pool of 12 ears),NS701@,NS701,PI 601417,32,14
2306,21-1179-21@ (pool of 39 ears),NC234@,NC234,Ames 27158,33,14
2307,19-IL-541-31@ (pool of 14 ears),NC222@,NC222,Ames 12729,34,14
2308,19-2718-25@,B73@,B73,check,35,14
2309,18-IL-269-31@ (pool of 13 ears),4722@,4722,PI 587130,36,14
2310,19-IL-265-31@ (pool of 13 ears),PB80@,PB80,PI 601441,37,14
2311,18-IL-164-31@ (pool of 12 ears),Mo17@,Mo17,PI 558532,38,14
2312,18g-1105-1106-21@ (pool of 11 ears),CML11@,CML11,Ames 27258,39,14
2313,19-IL-361-31@ (pool of 5 ears),Hy@,Hy,Ames 26808,40,14
2314,18-IL-061-31@ (pool of 18 ears),OQ403@,OQ403,PI 559920,41,14
2315,19-IL-307-31@ (pool of 8 ears),NC326@,NC326,Ames 27159,42,14
2316,21-1235-21@ (pool of 17 ears),R177@,R177,NSL 30894,43,14
2317,21-1161-21@ (pool of 28 ears),B37@,B37,PI 550467,44,14
2318,19-IL-409-31@ (pool of 12 ears),IDS28@,IDS28,Ames 24575,45,14
2319,17-IL-358-24@ (pool of 10 ears),NC358@,NC358,Ames 27175,46,14
2320,19-2718-25@,B73@,B73,check,47,14
2321,18-IL-246-31@ (pool of 9 ears),B84@,B84,PI 608767,48,14
2322,18-IL-249-31@ (pool of 9 ears),F118@,F118,PI 555462,49,14
2323,17-IL-275-21@ (pool of 9 ears),FAPW@,FAPW,PI 600958,50,14
2324,19-IL-401-31@ (pool of 6 ears),PHW65@,PHW65,PI 601501,51,14
2325,20g-1163-1166-21@ (pool of 9 ears),M162W@,M162W,Ames 27134,52,14
2326,18g-1093-1094-21@ (pool of 16 ears),Ki11@,Ki11,Ames 27124,53,14
2327,18-IL-253-31@ (pool of 12 ears),SA24@,SA24,Ames 27188,54,14
2328,20g-1287-1290-21@ (pool of 26 ears),Tzi10@,Tzi10,PI 506248,55,14
2329,19-IL-129-31@ (pool of 16 ears),CH701-30@,CH701-30,Ames 27069,56,14
2330,18-IL-248-31@ (pool of 11 ears),78371A@,78371A,PI 601438,57,14
2331,21-1079-21@ (pool of 24 ears),EP1@,EP1,Ames 27111,3,15
2332,21-1227-21@ (pool of 20 ears),NC346@,NC346,Ames 27169,4,15
2333,21-1095-21@ (pool of 27 ears),I29@,I29,Ames 27115,5,15
2334,21-1155-21@ (pool of 39 ears),IDS69@,IDS69,Ames 24576,6,15
2335,19-IL-229-31@ (pool of 11 ears),NC262@,NC262,PI 531085,7,15
2336,19-IL-112-31@ (pool of 16 ears),L127@,L127,PI 601726,8,15
2337,19-2718-25@,B73@,B73,check,9,15
2338,18-5091-9@,UFMu-08808@,UFMu-08808,mu1069396(-/-)@,10,15
2339,21-1193-21@ (pool of 40 ears),NC302@,NC302,Ames 27147,11,15
2340,21-M1558-3@,UFMu-05595@,UFMu-05595,mu1044576; (-/-),12,15
2341,19-2718-26@,B73@,B73,check,13,15
2342,21-1115-21@ (pool of 24 ears),IA2132@,IA2132,Ames 28364,14,15
2343,21-1107-21@ (pool of 20 ears),W153R@,W153R,PI 587154,15,15
2344,21-1185-21@ (pool of 22 ears),LH1@,LH1,PI 644101,16,15
2345,19-IL-032-31@ (pool of 13 ears),A188@,A188,Ames 22443,17,15
2346,19-IL-311-31@ (pool of 11 ears),78010@,78010,PI 601211,18,15
2347,20g-1135-1138-21@ (pool of 11 ears),NC360@,NC360,Ames 27176,19,15
2348,19-IL-474-31@ (pool of 11 ears),WIL500@,WIL500,PI 601689,20,15
2349,19-2718-26@,B73@,B73,check,21,15
2350,18-IL-053-31@ (pool of 9 ears),29MIBZ2@,29MIBZ2,PI 548830,22,15
2351,19-IL-200-31@ (pool of 12 ears),778@,778,PI 601375,23,15
2352,19-IL-113-31@ (pool of 6 ears),PHG47@,PHG47,PI 601318,24,15
2353,21-1073-21@ (pool of 9 ears),Mt42@,Mt42,Ames 20140,25,15
2354,21-IL-017-020-21@ (pool of 43 ears),F7@,F7,PI 257507,26,15
2355,19-IL-396-31@ (pool of 10 ears),NC290A@,NC290A,Ames 27141,27,15
2356,19-IL-525-31@ (pool of 6 ears),NC230@,NC230,Ames 12731,28,15
2357,18-5076-5@,UFMu-08805@,UFMu-08805,mu1068240(-/-)@,29,15
2358,21-1090-21@ (pool of 16 ears),W117HT@,W117HT,Ames 8399,30,15
2359,21-1097-21@ (pool of 26 ears),A654@,A654,PI 587141,31,15
2360,19-IL-399-31@ (pool of 15 ears),CI187-2@,CI187-2,Ames 26138,32,15
2361,21-1071-21@ (pool of 24 ears),779@,779,PI 601376,33,15
2362,18g-2092-25@,UFMu-10309@,UFMu-10309,mu1085249; (-/-)@,34,15
2363,19-IL-189-31@ (pool of 11 ears),Mo47@,Mo47,PI 583352,35,15
2364,19-2718-26@,B73@,B73,check,36,15
2365,21-1145-21@ (pool of 32 ears),H99@,H99,PI 587129,37,15
2366,20g-2132-23@,W22 R1-r@,W22 R1-r,control,38,15
2367,19-IL-260-31@ (pool of 13 ears),LH57@,LH57,PI 601317,39,15
2368,18-IL-088-31@ (pool of 16 ears),LH54@,LH54,PI 601316,40,15
2369,21-1069-21@ (pool of 25 ears),CM37@,CM37,Ames 20190,41,15
2370,21-1217-21@ (pool of 34 ears),CI66@,CI66,PI 587148,42,15
2371,19-3876-23@,UFMu-08594@,UFMu-08594,mu1069120; (-/-),43,15
2372,21-1119-21@ (pool of 40 ears),Yu796_NS,Yu796_NS,Ames 27196,44,15
2373,19-IL-026-31@ (pool of 11 ears),RS 710@,RS 710,PI 539930,45,15
2374,21-1099-21@ (pool of 34 ears),S8324@,S8324,PI 601611,46,15
2375,19-IL-243-31@ (pool of 17 ears),NC364@,NC364,Ames 27178,47,15
2376,19g-1123-21@ (pool of 16 ears),W22@,W22,NSL 30053,48,15
2377,21-M1554-7@,UFMu-07868@,UFMu-07868,mu1058741; (-/-),49,15
2378,18-IL-035-31@ (pool of 7 ears),F42@,F42,PI 601026,50,15
2379,21-1201-21@ (pool of 24 ears),CML220@,CML220,Ames 27087,51,15
2380,21-1101-21@ (pool of 23 ears),P39@,P39,Ames 28186,52,15
2381,,09-3961,, 3961@ (bulk of 9),,Mo17@,Mo17,filler,53,15
2382,,09-3961,, 3961@ (bulk of 9),,Mo17@,Mo17,filler,54,15
2383,,09-3961,, 3961@ (bulk of 9),,Mo17@,Mo17,filler,55,15
2384,,09-3961,, 3961@ (bulk of 9),,Mo17@,Mo17,filler,56,15
2385,,09-3961,, 3961@ (bulk of 9),,Mo17@,Mo17,filler,57,15
